zip-code,rebate-usd,lat,lng,median-household-income,mean-household-income,population
54537,88,45.5425273,-90.5937047,40346,49323,561
52065,88,42.6043427,-91.1161166,48166,58112,1130
68757,100,42.6367305,-96.8994495,42674,53014,803
3465,100,42.8314347,-72.1771541,55910,65536,1969
28609,100,35.6811009,-81.0644263,52106,62665,5325
84025,67,40.9698029,-111.9164779,82213,101623,18255
95240,50,38.1484821,-121.1022942,44548,57020,47172
85282,60,33.3897576,-111.9343636,52018,61313,48671
2769,80,41.8331408,-71.263663,90530,106149,10179
26501,100,39.6140631,-80.0311364,38862,50494,19616
50277,88,41.7872353,-94.3667907,58657,76426,483
91914,63,32.6762339,-116.9440313,97574,115610,15448
61749,100,40.080432,-89.1134166,59467,71640,556
97867,100,45.1250282,-117.9915984,44159,54437,791
67576,100,38.0296026,-98.7921836,40326,52685,1915
96792,100,21.4843679,-158.1669894,57792,66680,48519
2878,88,41.6247113,-71.1686168,62530,76645,15257
15742,100,40.8302351,-78.8495889,38879,46671,1029
30575,95,34.2090984,-83.7146001,62303,68111,1375
14737,68,42.316676,-78.4297187,42067,47492,4297
15501,100,40.0084304,-79.0785531,36908,50119,16790
83214,100,42.5407152,-112.262246,50439,58381,671
77504,156,29.6526666,-95.1953554,42992,51762,24529
95746,50,38.743802,-121.1824925,129965,169299,21460
14414,68,42.884902,-77.7680952,56636,67555,6445
40810,100,36.908806,-83.3682539,22115,36110,1548
60148,80,41.8725524,-88.0020589,69888,79039,51468
83221,100,43.3843255,-112.6193088,46201,57635,27021
47990,75,40.0871652,-87.0424393,61664,70899,1627
74839,100,35.2199272,-96.0044121,28825,35938,812
44147,88,41.33031,-81.6802054,77458,91028,15984
42076,100,36.5722445,-88.0705319,41347,47828,1213
98257,88,48.4185616,-122.5142829,55632,67375,4134
63432,100,40.5156826,-92.0077316,46414,52349,513
43772,69,39.8867236,-81.5267282,46469,53580,1799
43078,79,40.1025817,-83.804868,46687,59432,20870
68527,110,40.8450164,-96.5249759,71915,87192,616
11429,92,40.7078289,-73.7389596,72714,82273,27816
42276,100,36.848859,-86.8822445,35113,47251,14471
87052,100,35.5247952,-106.287521,38587,44719,3138
48217,83,42.2827426,-83.1488186,30728,38663,10515
90621,83,33.8794822,-117.9893301,55410,71359,35153
46312,45,41.6428269,-87.4504888,31199,40088,29698
38925,100,33.6394461,-89.6439924,35654,43681,2501
29113,100,33.4229886,-81.1306391,35421,43030,1618
74469,100,35.4815894,-95.3207069,30404,46448,2446
55331,75,44.8963961,-93.6116494,103635,153245,17967
30680,95,34.0142667,-83.6986568,48674,57889,37837
41016,100,39.0868695,-84.5458072,39644,53953,6075
23061,100,37.4128281,-76.5025742,63002,71700,21208
89704,100,39.2808403,-119.8120795,74668,94938,4284
5468,100,44.6620891,-73.1240103,66199,70944,12942
45846,75,40.4142389,-84.7524482,56270,64003,4234
19119,100,40.0487466,-75.1953934,55275,78180,29026
74965,100,35.9787333,-94.6243751,32098,40567,4993
60950,80,41.2397569,-87.7960067,63820,68799,12168
68927,100,40.6002477,-99.5896043,51121,59928,1275
56673,100,48.8671645,-95.1231313,45175,58659,851
12487,55,41.8623834,-73.9947563,66903,83707,3246
12457,65,42.0343868,-74.2531465,50272,71756,877
71483,100,31.9196124,-92.6586401,31197,41993,11294
26217,100,38.5643672,-80.4445671,30094,40647,354
30214,95,33.473501,-84.5012435,73168,88987,28913
49125,83,41.8989487,-86.5905371,44968,63382,2444
37764,90,35.9848005,-83.6135572,49463,65502,9258
77354,156,30.2001196,-95.624767,81614,102703,30215
67346,100,37.3352064,-96.4503434,33822,44387,372
60958,80,41.0440965,-87.5692461,25045,28750,2135
38901,100,33.7516314,-89.8130356,32592,45764,19958
16373,100,41.1967642,-79.6726632,42845,50951,3651
47601,75,38.0736703,-87.2618328,52795,68101,13896
14724,60,42.0655227,-79.6726632,40324,48260,2464
67154,100,37.9564985,-97.0713572,64529,78896,1510
12934,88,44.8537682,-73.9045365,44556,51852,1028
17814,100,41.2871032,-76.3868797,42903,52554,4840
5076,100,44.1437847,-72.2303187,48125,56371,412
29730,100,34.9037259,-81.0092062,41113,50791,52354
13033,88,43.1751935,-76.6181655,50344,59206,3957
45325,75,39.6936111,-84.4277703,50514,63500,2495
54862,88,45.7657088,-91.1071708,37725,45216,261
97344,75,44.8870108,-123.5485564,37265,51645,1118
19083,100,39.9734766,-75.312064,85255,97651,36266
89141,100,35.9706292,-115.3074646,75854,93518,244
7874,90,40.9292038,-74.7044425,87295,97271,9303
6248,100,41.6833811,-72.4139787,104374,111725,5603
30259,95,33.2606063,-84.7524482,50197,60615,3041
86442,90,35.0771847,-114.5599015,35616,46258,33382
28101,100,35.25386,-81.0740858,43006,50580,661
94403,50,37.5349925,-122.3050823,90717,109077,39642
47243,75,38.6597559,-85.4684971,37799,47183,5951
76640,156,31.6951077,-97.0605998,51311,63341,3005
56444,100,46.4313713,-93.8796655,43609,55502,3098
17055,100,40.1732512,-76.9988669,60501,72002,30704
6517,75,41.3469288,-72.9047136,71991,89294,14853
65739,100,36.5107717,-93.2684215,41074,46173,1326
51357,88,43.0720985,-95.2893433,45921,54417,728
24138,100,37.03949,-80.3101684,48581,58087,1613
29052,100,33.8272919,-80.7436141,37956,47940,2021
56649,100,48.5494209,-93.3763619,36027,52261,10572
6607,75,41.1743166,-73.1674128,33843,45773,7843
1474,100,42.6675405,-71.7503855,78207,84939,2302
21742,90,39.6716156,-77.6765184,56961,68003,22072
85653,63,32.4026649,-111.4275888,50462,60960,15083
24472,100,37.9170245,-79.233837,44967,54389,2271
99348,100,46.4050837,-118.4262951,54833,67950,1364
47380,100,40.2739704,-85.0337392,43467,52106,2004
72429,100,35.4965717,-90.9247501,37643,52512,427
83429,100,44.5061332,-111.4150397,52813,54685,1048
91770,83,34.0617365,-118.0830047,49191,62602,62097
66091,100,38.1747458,-95.3311652,42246,58686,352
72921,100,35.4706032,-94.2128337,42169,52079,13787
27341,100,35.5367858,-79.6726632,38103,50444,4996
3809,100,43.414235,-71.2161428,57560,71765,2928
24437,100,38.2078728,-78.9344814,46100,56816,904
1038,100,42.3818468,-72.6092032,53939,72430,2557
78605,100,30.7621955,-98.0247005,50320,64340,4952
93210,50,36.2615718,-120.4357631,25577,32436,11218
47553,75,38.6755182,-86.9223432,43971,54970,8495
98033,88,47.6688298,-122.1923875,96609,121402,34338
39629,100,31.4219066,-90.4691097,40000,49974,5760
62549,100,39.7752231,-88.8694951,70407,80213,6269
24017,100,37.2893078,-79.9975916,32714,38100,23392
15868,100,41.2738533,-78.4069732,44298,48515,1413
56379,83,45.6608329,-94.0699511,55358,64667,13698
54773,88,44.372924,-91.3083685,41879,51372,3336
65254,63,39.2248465,-92.797901,45357,69077,1810
45123,67,39.3615952,-83.4003037,39137,44769,7775
18017,100,40.659437,-75.3995089,64939,76522,35455
99111,88,46.8546482,-117.4377846,50425,57350,4047
10710,100,40.9675084,-73.8477874,80118,93642,25538
98383,88,47.65805,-122.7120272,66531,80202,19727
5148,100,43.2263478,-72.7688226,50715,59601,1140
31781,95,31.5577767,-83.7942551,34540,46721,1752
2460,100,42.3467771,-71.2072321,107495,140026,8772
3902,100,43.2297864,-70.6335763,72016,86286,2083
72568,100,35.5768598,-91.6178011,36908,51974,1662
72135,100,34.8576632,-92.5594214,61113,81766,2623
94556,50,37.8357202,-122.1178261,123448,158748,15229
97621,75,42.4762117,-121.2464384,33743,40395,368
75006,156,32.9678449,-96.8887202,56081,68458,46364
8741,90,39.937763,-74.1680347,75058,86598,2354
66224,100,38.8646537,-94.6347041,121386,159537,11917
60151,80,41.9306893,-88.5758574,77816,82849,4061
27831,100,36.4613032,-77.5504779,28349,36792,4072
91915,63,32.6277588,-116.9499191,98625,106287,24659
54447,88,45.0750281,-90.7263271,42083,52330,498
72021,100,34.8345178,-91.1929114,26305,35388,4348
88230,100,33.2423538,-104.4024704,41884,47374,5058
48741,78,43.4155549,-83.1863358,41860,50571,2109
50450,88,43.4104459,-93.5205641,45147,54622,2897
77423,156,29.8166771,-95.9621106,41764,53808,9385
72863,100,35.3625061,-93.4801349,40290,47671,1582
18231,100,40.9004475,-76.0047358,46404,55843,509
15005,100,40.6508973,-80.1763467,63009,80675,9629
50171,88,41.614001,-92.4999918,53403,63595,2923
66514,100,39.1398962,-96.8565427,71481,81264,1657
44627,69,40.6504107,-81.8442934,50025,63121,5878
38651,100,34.8955106,-90.0466559,68657,78873,5747
66212,100,38.946393,-94.6760395,55504,64736,32096
14616,88,43.2306445,-77.6478852,49118,55256,28383
1373,100,42.4657318,-72.6269437,61438,76643,4618
54123,88,44.2124599,-88.1442124,55455,61317,238
27843,100,36.0409357,-77.4128193,26440,35165,1331
43812,69,40.2892965,-81.8879884,36509,47452,19654
94158,50,37.7748363,-122.3872576,104684,131829,4792
72454,100,36.4146125,-90.2057108,28863,45880,5127
80236,100,39.6478446,-105.0411298,47703,57260,16123
37915,90,35.9723339,-83.8950042,11160,18409,5647
83676,100,43.6699179,-116.9110111,43392,53398,4347
19122,100,39.9795244,-75.145782,18175,31399,19653
31066,95,32.7775913,-83.9955879,23843,51810,1147
49894,80,45.7834505,-87.0721818,38098,50832,737
74081,100,36.1876628,-96.4396888,42998,49739,1728
6076,100,41.9963618,-72.2600655,67166,71919,12659
40510,100,38.0765476,-84.5955732,87847,90408,1928
62518,100,40.0399791,-89.189643,58188,66952,457
3242,100,43.1806781,-71.8334145,73472,79535,4444
24460,100,37.9900677,-79.6951103,50589,51635,1530
95521,50,40.8805372,-124.0874754,36385,50934,20199
7508,90,40.9567531,-74.1885825,76790,86820,22017
31510,95,31.5412085,-82.4319405,33926,45825,9848
63050,58,38.2518653,-90.5825359,61664,68657,15716
60957,100,40.4368639,-88.148657,47219,56144,5615
45323,88,39.8487314,-83.9373754,51708,61295,5293
48152,83,42.4279422,-83.3682539,74356,84527,32269
8554,90,40.1163333,-74.7775938,77706,83634,3648
31711,95,32.1971001,-84.1224036,35759,43011,867
26676,100,38.1755167,-80.6548882,37846,49442,435
16860,100,40.946854,-78.1735438,43831,52302,418
73724,100,36.0567173,-98.6820636,36291,54212,1217
24066,100,37.5465478,-79.6726632,45866,56273,4883
21030,90,39.5116069,-76.6990172,67353,87379,22416
14781,60,42.1747399,-79.582819,41194,49415,2144
10303,92,40.6311444,-74.1739057,54758,66353,22842
70656,100,30.936304,-92.9362448,40573,49135,4023
11963,83,41.0092107,-72.3015121,91016,156503,6644
85704,63,32.3395031,-110.9864294,55657,75966,30929
56756,100,48.8874217,-95.5576678,48406,56626,866
92660,83,33.6301328,-117.8721676,104753,163087,34797
71417,100,31.5327317,-92.6387795,36228,48739,4932
62882,100,38.6286632,-89.1134166,34653,44398,2331
48820,87,42.8722569,-84.5850997,70742,83688,14259
19140,100,40.012545,-75.1487007,22411,30728,57613
19962,100,39.0596771,-75.4927278,65618,74618,10206
78578,156,26.0579162,-97.2976617,33081,47450,12516
4263,100,44.2799306,-70.1342713,51429,58227,2002
74560,100,34.6647455,-95.6668306,34088,44573,644
27534,100,35.3712582,-77.9053182,44367,54233,31894
45742,69,39.2852678,-81.7239979,58168,64059,3155
56292,100,44.5141543,-95.4568133,42102,54223,690
54922,88,44.5336335,-88.7205256,55581,60347,1514
63830,75,36.154119,-89.6816208,31178,40609,7102
68319,100,40.9592573,-97.7634019,53795,71640,668
65653,100,36.7307517,-93.1077277,35974,45560,5708
64423,100,40.1861398,-94.8728093,49303,55550,761
52053,88,42.6057275,-90.9629523,49215,58019,1163
19352,100,39.7561779,-75.8650148,103183,111208,7609
85542,90,33.3074254,-110.1879106,25818,36068,3196
90272,81,34.0845245,-118.5447787,150466,237465,22818
29650,100,34.8920374,-82.269193,66117,82419,32632
28337,100,34.6276267,-78.52065,30702,46630,9461
2332,100,42.0342172,-70.704952,116904,149633,14241
98261,100,48.474591,-122.8990521,52606,67226,2383
38804,100,34.2684438,-88.6819958,41740,60078,17179
37411,90,35.0277196,-85.2256635,38987,48564,17587
89011,100,36.1036262,-114.939821,60941,73753,10127
78015,108,29.7487321,-98.6490584,116640,140246,9602
23507,100,36.8674231,-76.3145188,64396,89663,25818
25414,100,39.2536087,-77.8710285,66819,79998,17024
3237,100,43.4090534,-71.4061876,64219,78346,1878
62836,100,38.0782714,-88.8070886,44959,51957,801
61764,80,40.9097631,-88.5951751,46457,58754,14460
4576,100,43.8189085,-69.664193,46250,74216,681
92841,83,33.7897841,-117.9776173,61207,73120,32845
51521,100,41.4579402,-95.3311652,53375,55793,2036
35803,100,34.6152142,-86.5602614,68549,82328,25471
26812,100,38.9135817,-78.8835548,33058,42177,1705
1770,100,42.2433966,-71.3705616,145250,190251,4245
83672,100,44.3591675,-116.937518,38000,51715,8583
37096,90,35.5912275,-87.8942451,31545,39331,5503
87747,100,36.3371529,-104.3791912,43479,51980,1910
6442,100,41.3437351,-72.4435674,87480,129515,2745
19004,100,40.0131418,-75.2304038,116558,174815,9430
50638,88,42.3401385,-92.797901,54191,59333,3313
66002,100,39.5167357,-95.1640605,43703,55189,13755
85324,60,34.0951738,-111.9999435,34066,44137,2886
35586,100,33.8942404,-88.148657,34846,46536,4469
74084,100,36.5770727,-96.418385,32088,44609,690
88341,100,33.5065029,-105.7233814,42520,52753,519
68973,100,40.4602299,-98.5501283,56667,60422,518
96701,100,21.3871057,-157.9106318,83901,93091,40281
83316,100,42.6233721,-114.8849907,38972,53922,9626
83428,100,43.4188257,-111.1310108,71058,87149,416
13669,60,44.6550526,-75.5041352,39235,48614,17597
12585,55,41.7174068,-73.6948234,82278,99885,774
62928,100,37.4809298,-88.5758574,44000,51360,293
56554,100,46.8750969,-96.1273015,53495,69942,2511
68790,100,42.1510722,-97.1574784,43859,52586,859
54603,88,43.8697353,-91.2794744,26404,32400,9664
56721,100,47.9701627,-96.9408943,53890,61088,9164
6330,100,41.6306615,-72.0823688,69039,75740,3282
50668,88,42.7060255,-92.2039933,61000,75221,1249
52240,88,41.6113703,-91.5015009,42795,53749,32230
70036,100,29.7077584,-90.1588618,45188,59206,1227
48197,83,42.1966292,-83.6135572,51186,59201,53883
98312,88,47.540416,-122.7705164,53554,65031,30203
76252,156,33.6881746,-97.3732655,62791,71677,2863
87122,100,35.1808064,-106.519036,120347,142564,13091
50314,100,41.608982,-93.6268464,29616,36782,12465
27501,100,35.4805515,-78.6909263,48611,57017,13114
7011,90,40.8811561,-74.1416127,53314,63085,37338
44667,67,40.845526,-81.7568253,45305,54251,13811
35974,100,34.3658401,-86.0019515,30297,44929,1589
12788,65,41.7891556,-74.5814773,38736,47808,3053
49265,87,42.0289489,-84.1646163,56404,67051,4364
36104,100,32.3989318,-86.3224638,21269,32968,9468
78501,156,26.2188442,-98.2322355,34050,45892,61219
37221,90,36.0727326,-86.9624086,74128,88895,36610
17319,100,40.1695643,-76.7913558,63606,69962,9431
87417,100,36.7246163,-108.3563972,48836,54527,5746
97222,75,45.4485068,-122.6286109,48574,56529,35086
30175,95,34.5400048,-84.5012435,44594,54398,6074
10987,63,41.2050167,-74.2414092,78462,124115,3003
19149,100,40.0390934,-75.064035,40010,48924,48490
53531,88,43.0743333,-89.1134166,68911,77385,4338
54104,88,45.4001186,-88.3390725,33606,46003,1051
8318,90,39.5780239,-75.1778853,73631,81098,12227
12154,68,42.9199695,-73.6182979,70630,76250,2710
35765,100,34.6922062,-85.8383857,28339,37860,4013
4614,100,44.4080355,-68.5761391,47008,65669,2281
80424,100,39.476845,-106.0169971,62489,77800,9627
54411,88,45.0372622,-90.1122157,55221,59736,5270
92028,83,33.3826505,-117.2440957,65635,84717,46239
19713,100,39.670937,-75.7080727,54836,63853,30408
94590,50,38.1052454,-122.2483726,47050,59204,35420
83645,100,44.3721982,-116.5723905,33967,44323,636
50311,100,41.5999808,-93.6750005,43844,53268,15113
72157,100,35.2538046,-92.5594214,29861,49046,1607
46030,88,40.1692236,-86.0223611,58480,69151,3308
99161,88,46.8905208,-117.1359547,47614,56295,1400
95460,50,39.2908752,-123.6958809,53000,65205,2285
97080,75,45.484172,-122.3848749,62760,72111,33590
51462,88,42.0083382,-94.5418141,41589,52668,1013
29569,75,34.0476395,-78.8835548,32658,43032,15951
27587,100,35.9989632,-78.5887951,68948,86285,29669
92139,63,32.6858257,-117.0382158,60023,70818,35125
68817,100,41.243548,-98.8142264,38943,46477,446
15562,100,39.7443909,-79.1294516,37650,46874,192
4612,100,44.2438639,-68.3772397,39300,51620,590
44699,67,40.2477948,-81.3179364,38446,43796,971
68463,110,40.8565305,-96.1314928,62713,69626,1620
18058,100,40.8554634,-75.4577775,60188,65192,8119
38756,100,33.403366,-90.8996741,25489,40492,8024
17043,100,40.2475452,-76.9009191,48912,56454,5497
13145,65,43.6546405,-76.1203982,44201,58535,1857
30294,95,33.6299854,-84.2594861,57680,65489,39865
28670,100,36.1897206,-80.9318332,33050,44174,2696
84645,75,39.8689088,-111.8330106,52279,58319,2620
29048,100,33.3938476,-80.2990246,28036,34059,4864
56074,75,44.3406869,-94.2128337,61281,71032,1832
78538,156,26.3620451,-97.9810845,22241,33547,10210
23950,100,36.6339226,-78.0880129,13639,16770,1107
63626,58,38.0921584,-90.8008388,38387,43242,1037
90740,63,33.7535679,-118.0830047,76379,93853,23729
52257,88,41.9285157,-92.1941598,57332,72984,210
14619,88,43.1352111,-77.6478852,42325,47125,15169
13801,88,42.4986596,-75.7836589,47580,58148,1399
95363,50,37.481683,-121.1481284,58001,70568,25237
51338,88,43.1861898,-95.3311652,46618,55001,1000
97443,75,43.2084527,-122.8725449,40193,49317,1801
22620,100,39.0857526,-78.0309542,82281,102910,2348
35224,100,33.5297328,-86.947388,35213,42436,6094
76541,156,31.1168297,-97.725376,33641,41887,19206
66777,100,37.7822664,-96.0255738,31279,50819,639
12421,88,42.2512089,-74.528751,52860,57442,525
65258,75,39.4877849,-92.1253854,42795,47219,500
67039,100,37.5385921,-96.9853474,56728,67422,3395
93405,58,35.2994482,-120.6890055,28150,42802,28994
38551,90,36.5670872,-85.4788065,32013,42709,4106
63673,63,37.8300019,-90.0186555,89635,107325,2115
72629,100,35.7461117,-92.5693337,29339,38054,629
95663,50,38.8544033,-121.1767658,91169,122458,2377
6081,100,41.9061853,-72.7673451,73387,149336,1381
91792,83,34.0332214,-117.9073244,66596,76221,30854
63627,58,38.041733,-90.2432307,52622,61696,2937
20687,90,37.9994332,-76.3405733,87410,90351,343
60919,80,40.9957065,-88.2363819,49918,61473,558
12066,60,42.7961096,-74.347017,57983,69626,2244
83823,88,46.8093003,-116.5496497,54865,62642,1318
48229,83,42.2428423,-83.1380955,29010,37690,11228
19355,100,40.037745,-75.5393155,103406,139779,22831
7643,90,40.846514,-74.0358876,57951,73771,10801
75154,156,32.5135255,-96.7708138,63571,76031,36041
60623,80,41.8475982,-87.7271123,32236,41659,92108
26133,100,39.1264664,-81.6692532,42193,48166,1415
36323,100,31.4541879,-86.0733498,32654,44580,8255
56072,83,43.9086718,-93.5205641,54770,61078,2463
76524,156,31.2776209,-97.2113605,42799,52606,2867
82933,50,41.2758519,-110.4738762,66500,69012,759
31216,95,32.7180396,-83.6986568,60590,65268,16109
16946,100,41.9175713,-77.0794705,41751,49974,2505
26571,100,39.5251519,-80.2488596,38765,48096,1833
72020,100,35.5129353,-91.4821482,31290,43822,4295
27935,100,36.4170846,-76.8490328,41108,50648,1567
19453,100,40.135827,-75.5014641,108347,123001,1526
15661,100,40.322399,-79.359228,39590,51298,415
29485,100,32.9517248,-80.1986649,60385,68324,45057
60201,80,42.060011,-87.6926257,68760,108770,43125
20006,75,38.897244,-77.0413344,12103,32155,3222
63108,58,38.647459,-90.25731,32420,51005,21568
11554,83,40.7179622,-73.5535234,87598,98759,37455
71269,100,32.4803791,-91.714958,36782,48221,12757
85924,90,34.5516281,-109.6639309,38594,53200,2683
71229,100,32.6361839,-91.8903882,36656,49944,1662
70118,100,29.9450835,-90.1261013,44149,72436,33008
19025,100,40.1473382,-75.1632937,123324,156801,5524
71842,100,33.9226418,-94.2948884,37736,46157,2241
36609,100,30.6587002,-88.1535352,40718,51797,25846
95310,50,38.079431,-120.378138,37083,54439,1882
45784,69,39.3851846,-81.6802054,55188,63985,3124
66093,100,38.2091402,-95.4987565,42997,58044,609
54930,88,44.0354163,-89.5225088,41079,48725,1772
52806,88,41.5795478,-90.6204165,47895,57725,27503
78737,93,30.181965,-97.9701846,109027,124373,12081
23395,100,37.963083,-75.4461256,43212,54554,645
37891,90,36.2719179,-83.1327332,39873,52020,3626
54016,88,44.9872983,-92.6802514,82758,100682,30108
31046,95,33.0816076,-83.7836403,64617,72838,3343
91351,83,34.4384112,-118.4571974,71775,84062,32362
25252,100,38.8987037,-81.5267282,39193,46852,1071
1504,80,42.0418415,-71.536786,74067,80879,8824
25523,100,38.2795071,-82.0625052,31773,38052,2647
31546,95,31.5036457,-81.8224362,38366,56209,8095
15411,100,39.7468459,-79.3465557,36337,42330,624
40383,100,37.987723,-84.7315563,59280,73188,22408
49329,87,43.4146453,-85.4994192,46527,53237,7234
61011,80,42.3985334,-88.9126449,74701,83733,2945
68967,100,40.2513261,-99.6564092,39939,51103,1252
29649,100,34.2453437,-82.1387233,46787,60035,26235
90033,81,34.0502898,-118.2117257,29978,39600,48852
56016,100,43.7607597,-93.3590446,56642,66556,1110
24211,100,36.6621842,-81.9752995,53794,71042,9922
29687,100,34.9838584,-82.3343375,49134,61003,39561
55108,100,44.9790183,-93.1855735,49590,68469,15829
62351,100,40.1174312,-91.3083685,46222,55436,1856
54928,88,44.7421782,-88.8934728,51500,59702,450
43610,88,41.6775685,-83.5629746,30325,37484,6848
20755,90,39.1089644,-76.745195,64412,72562,9904
94518,50,37.9461207,-122.0212337,76595,92156,26778
97005,75,45.4923824,-122.8029665,45265,56202,23741
5142,100,43.4032923,-72.5796331,48274,53754,680
98104,88,47.6015566,-122.3323351,23742,44290,13095
12941,88,44.3433912,-73.7192528,51623,73493,1286
50128,88,41.859399,-94.2948884,57271,74288,360
12123,68,42.5122393,-73.6300729,58221,71482,5168
8736,90,40.1267952,-74.0711359,97819,131786,12834
74729,100,34.1916674,-96.3013432,35813,44578,2508
3281,100,43.0900107,-71.7385225,78480,88983,7775
19477,100,40.1858238,-75.2376967,117355,158422,38
94043,50,37.428434,-122.0723816,92084,107899,28358
60959,100,40.8029806,-88.1876676,43987,57867,1082
6118,100,41.7516768,-72.6032895,54927,64158,26956
61281,100,41.2998204,-90.5068824,64445,70519,2597
61046,80,42.0978404,-89.8317729,49902,62178,2831
43046,69,39.8959083,-82.5510469,18126,20623,1010
37189,90,36.2754942,-86.8320743,49899,58096,3320
19953,100,39.1559643,-75.6906241,49304,61662,4386
55717,100,47.0904299,-92.4577502,55044,64064,327
13031,70,43.0328479,-76.3058328,61986,74708,15105
28001,100,35.3213858,-80.2098219,41978,52345,26296
44072,100,41.4634507,-81.3289397,62401,129051,4739
66428,100,39.6845421,-95.9621106,44208,59843,415
30646,95,34.0943951,-83.3254958,40433,49223,6946
8518,90,40.1181399,-74.8097703,69701,77575,4932
69043,100,40.0498477,-101.207047,35549,46320,655
1860,100,42.8460215,-71.014118,75517,93951,6145
61730,100,40.5363845,-88.7397772,65089,72096,379
75937,156,31.4852478,-94.3770704,44352,50970,994
31553,95,31.1510963,-81.9971108,34041,45085,5237
71237,100,32.6073927,-91.5111806,39709,48640,1578
78028,100,29.9791272,-99.1456153,45326,59978,37620
23927,100,36.5938059,-78.5433701,37546,48830,4381
72007,100,35.0114278,-91.9979411,60487,68174,6708
94952,50,38.235501,-122.6420207,72230,96054,32858
20621,90,38.3345065,-76.8144298,82600,90804,1022
74471,100,35.840141,-94.8313257,33748,37908,1554
70071,100,30.0588361,-90.7105267,51300,67615,3653
97375,75,44.9882838,-122.5977659,63781,75180,1250
26412,100,38.9121316,-80.621591,32226,42130,546
50660,100,42.5894935,-92.6288523,52218,60849,1333
75752,156,32.2914387,-95.7932008,44575,53398,6986
13215,65,42.9862077,-76.2363248,71865,89392,14187
71432,100,31.7638856,-92.4801989,43846,50420,1053
67232,100,37.6385826,-97.1736385,70549,83548,298
2817,88,41.6269085,-71.6436028,81419,95881,5095
38256,90,36.2705053,-88.148657,41224,51113,3089
95987,50,39.1274525,-122.3107517,46289,62461,5992
90065,67,34.10885,-118.2234229,56161,72803,45527
17317,100,39.9708929,-76.5242554,53327,59350,579
17557,100,40.1071942,-76.097201,52933,64709,12822
12860,60,43.741383,-73.8301437,45549,57547,1154
46743,100,41.2159646,-84.8463673,61012,66337,1971
72042,100,34.2794494,-91.3276422,34511,47659,5161
27576,100,35.5804492,-78.2703951,36746,46231,15374
12304,65,42.7765383,-73.9065883,42509,53980,20582
51041,100,43.0323525,-96.0891032,51838,56874,6976
27808,100,35.4650398,-76.7567368,50361,63041,2094
45102,100,39.0206668,-84.1962563,55870,63861,18428
42081,100,37.3297398,-88.4403883,38939,51101,2203
43228,69,39.9571056,-83.1273705,42022,48122,46105
8730,90,40.1030781,-74.0623244,98419,116691,4907
90045,81,33.9516114,-118.3875775,93889,111843,39476
62001,100,38.8830172,-89.7567693,56488,66856,1752
93254,58,34.973386,-119.8005027,46819,69127,811
71068,100,32.2678483,-93.2986106,28440,38095,3231
38120,90,35.1212908,-89.8551818,46009,69497,9609
54540,88,46.149967,-89.3541266,78750,103982,942
61701,100,40.477779,-88.9892448,42217,54305,36105
30205,90,33.2926978,-84.4592701,60015,78208,3061
10536,95,41.296223,-73.712479,131968,214946,11160
98315,100,47.7039478,-122.7233671,39601,46457,6054
21531,90,39.6398244,-79.4028639,44464,55198,2311
64459,100,39.9491593,-94.6657027,54701,61459,472
43014,69,40.4754422,-82.2365981,42995,52626,3374
75457,100,33.172705,-95.2057909,42540,57719,6522
15668,100,40.464746,-79.6614376,82456,109011,12751
85748,63,32.2064246,-110.6884072,72789,80875,18087
84311,67,41.8480264,-112.1072528,54508,62937,714
24483,100,37.8425824,-79.2225576,41645,51865,587
27523,100,35.7748764,-78.951451,85436,97642,7225
35173,100,33.6370355,-86.5602614,72977,85631,25176
12871,65,43.0946647,-73.6178724,58494,70599,3627
44201,100,41.0403996,-81.1416691,56309,62764,6973
60651,80,41.9024826,-87.7418842,32716,43087,64267
11565,83,40.672917,-73.6683371,115184,126076,9088
41557,100,37.4913478,-82.4211025,38545,47055,1716
43832,69,40.2673428,-81.5815776,34570,41151,7584
14770,68,42.040713,-78.3045565,43526,51763,3101
95820,63,38.5359933,-121.4513314,41268,50364,34480
70639,100,30.9521641,-93.4902391,49943,62340,684
66404,100,39.8787329,-96.1739116,47286,58039,530
21835,90,38.536064,-75.9405178,61036,72523,464
30240,95,33.029838,-85.1479364,48715,59860,30014
99026,88,47.8067268,-117.676734,71412,77819,9042
28790,100,35.2122099,-82.4861053,47095,64783,2712
41231,100,37.8151438,-82.4373589,24272,34401,1002
37852,90,36.3337797,-84.5431867,25564,39867,2558
53544,88,42.8735021,-89.9159785,64709,70108,800
30248,95,33.3647316,-84.0801613,66520,74577,23249
29148,100,33.530575,-80.3435908,28225,37572,6230
87006,100,34.4938941,-106.8414374,34009,48795,704
95442,50,38.3747503,-122.5259596,65880,102758,3178
53221,88,42.9574195,-87.9481846,49337,57263,37701
87930,100,32.8439306,-107.4558555,41309,52134,961
77535,156,30.0204656,-94.9350929,54267,60575,31295
96732,100,20.8733133,-156.4628632,57566,72885,24816
41826,100,37.1662312,-82.9232635,23006,39899,978
56655,100,47.0001449,-94.2212608,41769,52117,1350
38017,90,35.0603204,-89.6439924,100096,119031,48642
72946,100,35.6918719,-94.1309067,40189,44660,3654
78152,108,29.4205358,-98.1994276,64157,72545,2294
43570,100,41.6074807,-84.4592701,43470,52543,3427
78113,100,28.8390725,-98.265058,52529,63147,2435
52231,88,41.3630185,-92.0469151,49107,55577,328
27872,100,36.1972903,-77.2749964,25987,36354,413
12083,53,42.4088886,-74.0417628,51357,60078,3419
78415,156,27.6515548,-97.5030669,37414,45328,39271
64739,63,38.4768528,-94.0899911,49632,58632,997
61752,100,40.3429545,-88.7493998,61918,67625,4339
76464,156,32.6036016,-99.2342196,45351,56571,506
53098,88,43.2640345,-88.6916315,54916,62904,11965
29707,100,34.967837,-80.8433145,58692,66628,17742
38116,90,35.0278019,-90.0093266,38980,48933,40342
77025,156,29.6836967,-95.4306141,70505,103143,26137
60002,80,42.4752471,-88.0314174,78052,87532,24299
8045,90,39.8687121,-75.0289877,56006,68011,2679
21723,90,39.3276397,-77.004626,140830,164022,502
31712,90,31.8261835,-83.7092861,34965,40993,1263
65650,100,37.8223966,-93.4397386,31326,42389,1520
19505,100,40.3744814,-75.626628,65790,80212,3217
67051,100,37.1001011,-97.2005806,55606,62821,456
13802,88,42.2466121,-76.044993,52411,59297,721
52804,100,41.5292258,-90.6867939,41705,50259,27379
63041,58,38.2612602,-90.7818089,49897,54439,534
90604,83,33.9324943,-118.0244639,69646,75471,39407
11950,88,40.8093249,-72.8456399,76802,81840,14834
30711,90,34.9372246,-84.7628913,33877,43869,3569
71303,100,31.3066755,-92.5197932,52400,66235,21009
11004,100,40.7430884,-73.7095365,75304,84522,13390
43217,69,39.8124347,-82.9340217,37966,47156,2509
43055,69,40.1157418,-82.3234843,42049,53140,58073
35967,100,34.4111977,-85.7051116,37304,49321,16630
12916,60,44.8544622,-74.5155855,39771,50280,2028
68457,100,40.1576591,-95.7194522,40766,49830,435
29512,100,34.6258655,-79.7175517,26895,38419,19514
80117,100,39.3652524,-104.4257533,67664,85471,2587
27853,100,36.5219992,-77.3209555,43149,48126,799
4410,100,45.092482,-68.9054421,42664,48946,1186
68521,100,40.8541169,-96.7172907,47052,55344,25351
44086,100,41.680988,-81.0644263,51165,62031,2497
8061,90,39.7951968,-75.1983113,98295,112190,734
64779,100,38.0860385,-94.4182089,41524,49085,2693
52620,88,40.6814028,-91.8123324,40094,48384,938
50436,88,43.2523362,-93.642048,41046,52969,5848
74646,100,36.8703754,-97.4597725,34999,44400,251
95230,50,37.9728082,-120.8498944,52245,65665,546
79904,100,31.8680951,-106.4759262,28262,38075,35060
48117,78,42.0664326,-83.4003037,55598,66591,9857
68632,100,41.2602986,-97.1359377,42350,50769,3778
83113,50,42.5016528,-110.2355647,70263,79703,3278
37811,90,36.3529478,-83.2291862,30045,42097,3215
24136,100,37.3291982,-80.610489,43950,53396,3393
65734,63,36.8249681,-93.9266502,35468,46903,3497
26681,100,38.2322734,-80.7103532,37846,49442,1486
53549,88,42.9934527,-88.7686382,46985,55893,10414
37184,90,36.0706878,-86.1344697,47762,56687,5844
49233,83,42.0675132,-84.3436881,58666,66458,2455
64163,63,39.3463687,-94.6708709,64052,70402,689
14830,88,42.1072182,-77.0334179,44722,59923,19504
97338,75,44.9538647,-123.3461418,50967,59441,17586
95682,50,38.6084554,-120.9646866,79253,93832,29114
89107,100,36.1688235,-115.2185573,50828,61982,35061
65733,100,36.5288863,-92.8588928,35418,43941,720
39146,100,32.8310026,-89.9440061,21787,31650,3156
80720,100,40.1125543,-103.2663479,37574,48362,2558
85019,90,33.5087094,-112.1400408,35101,40880,25042
52584,88,40.6432346,-92.2531929,44391,52800,438
12498,55,42.0531794,-74.1122506,60921,86527,5020
48103,88,42.2475863,-83.8260884,75247,92986,49886
45034,100,39.3574143,-84.2463188,63174,85238,881
72019,100,34.6125506,-92.6586401,58835,72024,23346
39119,100,31.7419476,-89.6816208,31849,46623,5514
90221,83,33.8890686,-118.2000277,43202,51485,53704
64649,75,39.7640355,-94.1309067,41661,50774,864
55925,100,43.9060946,-91.4338047,60760,80852,1028
87114,100,35.1958704,-106.6939803,62242,76275,31663
78598,156,26.549953,-97.4327273,22325,40028,226
91745,83,33.9990858,-117.9834738,71264,86983,54013
13428,65,42.9173615,-74.5346103,40929,50323,1646
78946,100,30.2488827,-96.7815237,49988,60286,960
68624,100,41.3419364,-97.2395242,50722,55145,1138
50122,88,42.3071863,-93.2986106,52293,64330,1373
81625,100,40.7685941,-107.763621,54807,60703,12921
70427,100,30.7579352,-89.8879304,29752,44408,20033
85017,60,33.514162,-112.1251372,31956,38214,38872
81527,100,38.7643854,-108.5700636,57188,73971,2073
19390,100,39.8138871,-75.841775,78593,95087,9887
95552,50,40.1847614,-123.1832226,32498,42902,697
12861,60,43.7613387,-73.3944466,41800,52870,644
72315,100,35.8933774,-89.9066314,34568,46425,22094
77418,156,29.9673076,-96.195132,54692,74827,9585
65731,100,36.6521748,-93.1252777,44938,59280,281
53021,88,43.4952136,-88.0020589,70126,78576,4709
53210,88,43.0671805,-87.9751299,34800,44508,28126
31630,95,30.9284271,-82.8640623,10387,14086,167
26143,100,39.0560896,-81.2739073,37955,45877,4547
80498,100,39.8389645,-106.2992912,72011,92027,7002
56589,100,47.1367653,-95.5883193,39147,50111,2001
60525,80,41.7906113,-87.8647961,85155,118292,31168
83686,100,43.4891372,-116.589439,51881,60828,46224
1906,85,42.4681642,-71.014118,69051,84874,26160
23504,100,36.8537392,-76.2652909,26232,34022,23480
4941,100,44.4742539,-69.320172,42859,50311,1646
56028,67,44.2161462,-93.7130493,58597,66299,1097
95206,50,37.9009213,-121.422761,47189,55636,65004
1542,70,42.2036959,-71.9104934,67172,77660,2025
43734,67,39.87803,-81.9043672,50795,61003,1069
66607,100,39.0442537,-95.6405374,25311,32217,10498
54427,88,44.8294815,-89.2657266,49970,58567,1099
66018,100,38.9552537,-94.9662608,72076,85565,5760
85085,60,33.7635354,-112.0714835,83975,105249,17517
69218,100,42.7719529,-101.6612934,43972,52176,265
42539,100,37.3192998,-84.981754,26148,35648,10026
81610,100,40.330684,-108.7600963,49583,55444,446
49017,83,42.3905327,-85.1686743,43493,53946,21583
43011,69,40.3009806,-82.669947,65899,70255,6247
98930,75,46.266417,-119.8991511,39679,47475,15252
41522,100,37.3313785,-82.4102628,32424,39831,5352
55046,67,44.4432186,-93.3993751,71064,80209,3005
75074,156,33.0243206,-96.6745042,61992,71729,44622
68033,100,41.1264136,-96.5249759,66491,75316,403
15692,100,40.3314498,-79.6796785,66949,73594,1018
12032,60,43.1719346,-74.5228916,50698,61632,956
4756,100,47.3263431,-68.3046987,34302,45763,3688
63363,75,38.8741442,-91.4628042,42488,50888,1719
17536,100,39.8424559,-76.0739999,58655,76287,2496
30710,95,34.9548513,-84.9193082,45465,59466,6661
60460,80,41.0099874,-88.5371958,50386,62852,1522
18509,100,41.4272224,-75.6499025,44254,56517,14049
62975,100,37.658516,-89.4174641,40692,47590,279
36474,100,31.4235613,-86.6006249,35190,45534,2926
78151,156,28.8482662,-97.7199454,27671,39054,1347
37030,90,36.2611931,-85.9917437,40807,55224,6982
62539,100,39.876168,-89.2657266,57073,64461,1358
71929,100,34.3126907,-93.1578875,35845,45032,4487
74435,100,35.5683538,-95.0806918,38542,51744,3280
50566,100,42.4495492,-94.3359635,45062,53234,433
79001,100,35.4433106,-102.8514837,51256,63113,249
37725,90,36.0142499,-83.357567,43196,54916,16919
41314,100,37.4404261,-83.528342,19678,33496,5239
50543,88,42.2750407,-94.2743628,44083,51794,1492
16744,100,41.8672276,-78.5717631,46128,72270,342
68323,110,40.143789,-96.375799,41969,47163,325
29145,100,34.2209521,-81.7677645,43615,50045,837
31545,95,31.6665297,-81.8879884,35806,47065,16133
75486,156,33.7723912,-95.7932008,44005,67969,2346
54871,88,45.7532148,-92.0222489,43213,56755,3105
85749,63,32.2850828,-110.7360863,81471,101888,19032
52336,88,42.0495849,-91.4241426,58455,70319,2363
46365,73,41.6097344,-86.5602614,53828,61053,1068
42256,100,37.0227647,-86.9624086,38732,48211,5028
77979,156,28.5585152,-96.6210611,44146,55195,17144
40241,100,38.3018831,-85.5766466,82110,106649,28988
65652,100,37.1533946,-92.9575607,42265,48692,4157
54467,88,44.4172186,-89.5308903,60525,68940,13635
46164,75,39.3081729,-86.1242881,55527,65680,3957
27560,100,35.8387032,-78.8269385,79226,96652,6078
97330,75,44.6385045,-123.2929399,46534,60501,40602
56511,100,46.8437765,-95.983904,52863,63048,1580
65305,63,38.7297175,-93.566086,40244,44643,2538
7039,90,40.7930239,-74.3235539,135253,184778,27403
64018,63,39.4427497,-94.7174062,64052,70402,890
62828,100,38.2131618,-88.5855173,39063,52374,1426
24401,100,38.1231161,-79.0871005,45549,55587,35499
80013,100,39.6563415,-104.7637619,69220,76613,69588
54154,88,44.8549236,-88.1876676,42676,55539,5548
27281,100,35.1974673,-79.6389821,42710,53258,2546
79034,100,36.3944789,-100.1255164,48525,67119,637
26690,100,38.2423167,-81.1085744,36137,43252,584
22576,100,37.6886606,-76.4447397,44090,62153,1785
38363,90,35.7040634,-88.1096118,28639,41437,6097
85192,60,32.8814022,-110.6645683,38370,46938,2120
22026,100,38.5690265,-77.2922332,71802,85672,14258
53406,88,42.736631,-87.8647961,57039,70632,25845
69141,100,41.2891383,-102.9205295,55283,61741,400
37208,90,36.1718363,-86.8069698,21584,35108,16067
5151,100,43.388424,-72.4849861,59811,71307,1553
48207,83,42.3488239,-83.025396,23451,32066,25790
46391,45,41.5401639,-86.9223432,60057,65943,9726
36575,100,30.7694252,-88.2655845,45403,55059,18345
51245,100,43.0581704,-95.5827334,45196,56501,1359
71115,100,32.2392184,-93.5205641,55631,73244,14254
83854,88,47.7318837,-116.9745742,47680,58841,37245
42040,100,36.5892978,-88.5081765,46133,58224,1082
70002,100,30.0144158,-90.1635442,62045,85973,18879
19139,100,39.9600168,-75.2274866,25579,34301,43706
30340,95,33.9025669,-84.2542195,42561,55435,29394
60614,80,41.9203468,-87.6433139,89741,143293,66617
80813,100,38.7620103,-105.1492869,38568,46180,2055
86327,60,34.5840721,-112.0953297,44267,55360,8858
37331,90,35.3315048,-84.5012435,37827,47860,7656
90037,67,34.002058,-118.2818967,29130,36882,62276
78234,108,29.4542542,-98.4430997,55375,69777,7126
98122,88,47.6087583,-122.2964235,57971,77731,31454
19601,100,40.3537241,-75.9405178,27083,34653,31057
84318,67,41.7975609,-111.8151245,68938,79365,3918
12985,88,44.5664236,-73.7579248,54981,66233,1056
12578,55,41.800634,-73.800734,85523,99917,2241
60951,100,40.9167484,-87.7566513,52990,63426,961
24554,100,37.1511986,-79.0419053,44715,49764,3995
50116,100,41.1714026,-93.0075642,47303,59037,299
60424,80,41.1685074,-88.3433623,57740,63691,2440
45673,67,39.2017267,-82.816933,40513,47036,406
28270,100,35.1097782,-80.771321,88425,110651,26540
29926,100,32.2306364,-80.7325287,66365,96049,23742
69350,100,42.0641369,-101.7523854,39241,46144,490
60153,80,41.8745965,-87.8402405,47576,57764,24106
77971,156,28.819138,-96.5143087,51957,59952,911
19709,100,39.5161072,-75.6440842,84884,94524,35107
63115,63,38.6789517,-90.2385387,26023,34379,20775
43525,100,41.4663948,-83.7013143,82027,87794,607
53570,88,42.7264846,-89.6063278,64479,74091,2627
39456,100,31.0509542,-88.8070886,40132,46405,1508
74726,100,33.9763171,-96.1739116,34938,47562,2284
52201,88,41.3104724,-91.5596117,55871,61986,1267
19904,100,39.1850643,-75.5975296,53203,66509,34132
97123,75,45.4053517,-122.9907521,58285,67315,36211
56723,100,47.8191525,-96.8086012,53963,63541,1013
38725,100,33.6359218,-91.0011902,20129,31816,1209
72947,100,35.5424716,-94.028678,39425,48396,4433
63730,100,37.1044912,-89.9106377,33726,43135,3430
13690,60,44.1402857,-75.0193094,38922,45454,957
48846,87,43.0095074,-85.0441304,35536,42428,18009
54401,88,44.9810012,-89.7192132,48657,60834,30085
22514,100,37.9810986,-77.1830243,60277,66603,2603
49348,83,42.6828191,-85.6229296,52591,62579,11303
72943,100,35.1998706,-93.7841503,41402,52974,2646
39423,100,31.1894537,-88.9222277,36612,40807,2813
25253,100,38.8993559,-81.9752995,35010,46031,2051
46052,75,40.0503732,-86.4592091,51576,60344,22060
97401,75,44.0637173,-123.0847061,35363,51786,37105
61064,80,41.9585857,-89.5874819,50141,61234,3868
26651,100,38.3185752,-80.8765205,41950,53322,9650
56374,75,45.5981718,-94.3030237,60387,68274,9260
18655,100,41.1857878,-76.2015572,49890,55702,6515
95370,50,37.9768028,-120.3666099,47397,62242,26803
12533,65,41.579221,-73.8118118,95653,112999,22335
30456,95,33.0117416,-81.8005724,34931,40892,2119
63703,75,37.2856186,-89.5403279,30580,45445,8182
21218,90,39.3322127,-76.6008334,41265,55981,53777
7740,90,40.2947027,-73.9888797,52627,76766,31658
80840,75,38.994425,-104.8571368,22043,24417,2196
36850,100,32.7562451,-85.6640365,28183,42302,2611
44230,100,40.9705017,-81.6802054,53236,65867,8077
4558,100,43.8968274,-69.5232679,52873,83281,265
48328,78,42.6415701,-83.3468784,49891,64656,26516
7717,90,40.191299,-74.0153231,83333,120849,2244
28741,100,35.0480788,-83.2291862,41572,87052,3203
53017,88,43.209877,-88.2558525,88182,103458,5538
21778,90,39.6049229,-77.3439283,70125,83741,1042
85140,90,33.2544202,-111.5349059,62783,68623,36711
80031,100,39.8774533,-105.0382076,71893,83310,33932
50129,88,42.0352785,-94.356513,45443,55390,5228
12020,70,43.0033171,-73.8654295,57472,65898,24363
40022,100,38.1507437,-85.3446321,70167,124935,834
21643,90,38.6408767,-75.8301537,50270,57687,5157
25951,100,37.6656767,-80.8543847,26993,35825,6208
65081,58,38.6406162,-92.797901,42550,47465,3928
65345,100,38.5594255,-93.1077277,42931,52911,387
42024,100,37.0579107,-89.0752499,43914,61918,1490
18707,100,41.1457603,-75.8766333,74885,87211,13961
42367,100,37.2391988,-87.1597417,35094,48517,667
74083,100,36.9123448,-95.7405139,43528,50894,1070
56455,100,46.465277,-94.0134025,41679,54611,1372
17222,100,39.9041081,-77.4816693,55279,68948,8734
85255,60,33.6803004,-111.8330106,120666,171535,37270
61486,100,41.1789098,-90.5825359,49769,57736,1552
70355,100,29.6723954,-90.4313729,42750,54067,1041
23442,100,37.8917336,-75.5393155,39583,49148,1059
27976,100,36.4866851,-76.3405733,61250,75837,2194
51573,100,40.9863152,-95.1223608,41766,51245,1093
71921,100,34.2618621,-93.3993751,31904,42531,3652
6053,100,41.6881608,-72.7865518,42717,49914,34863
17084,100,40.6835118,-77.6192447,45553,55464,3956
37010,90,36.5963744,-87.1223362,74603,85494,4679
85936,90,34.6145479,-109.2831531,42050,56366,4293
85262,60,33.791108,-111.8091625,93923,143604,8156
73540,100,34.4526698,-98.5501283,58821,66671,398
41240,100,37.8332442,-82.8101975,29569,49404,6916
54202,88,45.0856915,-87.1401905,52409,69759,1240
4290,100,44.4856378,-70.4292747,40750,51715,1510
99117,88,47.7984911,-118.5131188,41102,48621,485
26180,100,39.1866664,-81.3619402,45124,54856,2284
45644,69,39.4523682,-82.8425216,51913,67841,4024
70395,100,29.6703917,-90.8484524,59496,76914,4658
45308,75,40.1153009,-84.4592701,50795,62837,4568
12548,55,41.6598168,-74.1063776,55703,67273,1492
29628,100,34.0824392,-82.5402275,32172,39273,2723
25209,100,37.9795204,-81.5267282,40940,47319,1227
18250,100,40.8304318,-75.8475853,37944,48198,2979
29673,100,34.7389669,-82.4536115,44522,56258,25348
40351,100,38.2563616,-83.3789389,34766,48500,20249
71845,100,33.3408784,-93.6217802,25584,41448,2387
30256,95,33.0063199,-84.3226488,55159,60007,2826
98077,88,47.7597609,-122.0417346,120738,138471,13585
79605,156,32.4389231,-99.7790227,36265,45611,25037
48101,83,42.2427186,-83.2184763,55901,65679,29354
63457,100,40.2046701,-91.685788,39689,47774,337
16329,100,41.8165965,-79.2620294,43448,50700,430
66549,100,39.4319021,-96.4503434,49114,56941,1646
49958,80,46.7788348,-88.6689004,40376,49180,1337
52551,88,40.7976575,-92.1253854,39858,48589,688
37134,90,36.0066924,-87.9530849,48403,60228,3061
31072,95,31.9439613,-83.570964,27323,40832,1326
11561,83,40.5895272,-73.6389038,85039,104804,39648
63532,100,39.8092071,-92.5594214,40773,51521,1322
16040,100,41.1022656,-79.8408787,46218,56426,1008
99216,88,47.6761145,-117.2108821,45625,53324,24362
2721,80,41.6746583,-71.150793,32106,42516,26428
17026,100,40.4699073,-76.4447397,55283,66541,2929
41659,100,37.5835543,-82.6213311,38388,49057,520
22203,100,38.8716687,-77.1168753,90894,108124,21850
13212,65,43.1270971,-76.1030007,53848,63132,21246
61285,100,41.9791138,-90.0933686,47602,57259,1631
26521,100,39.6814187,-80.2209773,47197,57706,346
77331,100,30.6548417,-95.1849219,42075,57669,6824
65444,100,37.386442,-92.0469151,35067,45609,1087
1923,100,42.569557,-70.9427914,76695,97283,25239
23936,100,37.5169001,-78.4524591,32223,41171,8212
81133,100,37.4448647,-105.2662931,33629,47947,840
95110,50,37.354611,-121.918866,55259,68729,18730
46809,100,41.0005907,-85.2101269,38316,44246,8947
67470,100,38.9341174,-97.5030669,57830,68962,456
62551,100,39.8446021,-89.1610748,56306,66817,837
60561,80,41.7478867,-87.9775787,71859,96973,23115
14502,87,43.0968034,-77.3439283,61722,75057,9414
14040,68,42.8813474,-78.3728456,57135,63968,2159
2833,88,41.483994,-71.7741103,71104,79440,708
36456,100,31.5190163,-86.761749,27129,38626,1820
48003,78,42.9450131,-83.0576156,60056,70189,5575
21402,90,38.9889503,-76.4620928,102894,118063,4841
56334,83,45.5907969,-95.3150826,43858,56607,5544
97461,100,44.127802,-123.4974762,55035,67604,710
48193,83,42.1742229,-83.1793408,49073,62683,16520
28124,100,35.4227003,-80.3881333,52717,62925,5990
31532,90,31.7188576,-82.7562895,35439,51187,727
37416,90,35.0863004,-85.1790404,46061,56838,14486
30641,95,33.7854476,-83.570964,54996,65179,1810
5778,100,43.8856834,-73.228015,57752,70563,733
14568,87,43.1463411,-77.2749964,70393,73527,6138
25985,100,37.7468735,-80.7912613,25657,36008,430
20640,90,38.5440178,-77.2060241,69114,80317,8487
36871,100,32.1507468,-85.1686743,31160,44915,1277
64444,63,39.4667346,-94.6347041,63826,70179,1340
14085,60,42.7110346,-78.9344814,81212,98598,5723
18976,100,40.247267,-75.1428632,88593,102622,15923
72411,100,35.7501567,-90.5920027,37438,45220,2294
7407,90,40.9074337,-74.1181234,66977,79445,18925
62822,100,37.9773164,-89.0537655,36763,44556,2574
92070,63,33.2123927,-116.7260713,47686,64605,1245
62664,100,40.1859176,-89.7379958,34933,48521,3042
54124,88,44.8946738,-88.3433623,40987,50399,3881
67456,100,38.5897428,-97.6765157,53306,64839,4736
56501,100,46.8711446,-95.8305503,45152,58642,14995
31029,95,33.0685419,-83.9744262,43626,59903,16287
78389,156,28.2254294,-97.654811,39894,52171,1541
77429,156,30.0141064,-95.6668306,95381,115532,72264
91723,83,34.0870296,-117.8868171,55679,67749,18275
50845,88,40.8168223,-94.3359635,44687,51589,811
13863,88,42.4417534,-75.9056753,46828,58236,675
49753,87,44.9429427,-83.7807811,2460,2966,117
8853,90,40.533515,-74.7454112,128874,146128,4953
14617,88,43.2202305,-77.5963271,58469,72868,22909
42202,100,36.6755699,-86.8421125,34091,47448,2389
95688,50,38.4087013,-122.0155491,70041,83945,29405
73768,100,36.366508,-98.265058,46109,61438,1378
55354,75,44.8813896,-94.0593255,61628,70294,2276
46804,100,41.0521864,-85.2411958,68906,86787,27245
23505,100,36.9138353,-76.2826675,42193,60897,28503
46184,75,39.5543674,-86.0631561,62352,67067,11806
17406,100,40.0097571,-76.6297189,58897,70942,18953
90504,83,33.8673266,-118.3286614,70185,81576,32102
49301,87,42.9894927,-85.4994192,101556,135537,14297
24566,100,36.7354103,-79.2563916,39644,47808,1402
88063,100,31.8018379,-106.6409198,42838,63420,12572
75773,156,32.6675165,-95.4568133,42409,56655,12791
70710,100,30.3547547,-91.2650349,54635,68096,3593
40856,100,36.7139076,-83.528342,26293,36838,756
99128,88,47.1112748,-117.0914309,90220,105974,321
39653,100,31.4197092,-90.8865834,33729,59543,2918
43232,69,39.9162835,-82.8748301,42159,49035,39998
35618,100,34.634236,-87.3214908,32927,43570,1870
61813,100,39.9108932,-88.5758574,46621,51353,1971
27929,100,36.4397518,-75.9869609,69537,82174,960
37919,90,35.9073934,-84.0061661,53862,93905,28194
67863,100,38.5738772,-101.207047,46065,55314,305
39825,95,30.9942599,-84.7106567,27678,39455,1461
93550,83,34.3579404,-118.0654445,44866,53518,74929
30075,95,34.0586259,-84.3857442,103387,126505,52573
99023,88,47.5664962,-117.1662582,84876,102534,529
3457,100,43.0012495,-72.1179169,60369,74292,698
78416,156,27.7538925,-97.4435441,29876,40341,15508
31825,95,32.085419,-84.6688348,25211,34407,2312
70554,100,30.6420746,-92.4999918,29964,47073,5582
24067,100,37.0190761,-80.0646682,51827,59753,2230
55302,75,45.2434775,-94.1355109,53182,65742,6592
28623,100,36.5368917,-80.9760556,33066,40562,1694
50514,88,43.4146453,-94.5005808,48357,60692,1452
70436,100,30.8086495,-90.5210565,29867,42521,629
15772,100,40.8857044,-78.9061921,39770,47131,1809
49705,87,45.334226,-84.4537387,36802,45680,888
29306,100,34.8693395,-81.9207423,28353,43538,15861
60602,80,41.8834728,-87.6291268,93646,131300,1204
37760,90,36.1055775,-83.4430118,34353,45527,12931
60491,80,41.6131315,-87.962884,93282,107037,22743
78417,156,27.729407,-97.4651828,40410,48369,4176
27604,100,35.8150476,-78.5774408,47787,58822,32223
90260,83,33.8922687,-118.3520389,50882,61980,34924
15857,100,41.4634516,-78.52065,46265,55770,14595
91801,83,34.0837958,-118.1181199,50111,63586,52735
5656,100,44.6720759,-72.6933975,28409,40503,3508
15823,100,41.2550424,-78.713608,46191,52869,1466
27536,100,36.3338756,-78.3955986,27796,38009,18516
19506,100,40.4593908,-76.1088001,63640,71032,7561
55414,100,44.978175,-93.2157342,29669,46747,23579
96762,100,21.5999855,-157.9404397,75417,80417,6419
71758,100,33.2920602,-92.9175955,49500,60965,450
72903,100,35.3447622,-94.3667907,43626,62021,26148
25981,100,38.0664173,-80.7325287,31355,39889,951
35490,100,33.2507984,-87.2419299,56726,68368,3857
72015,100,34.4918643,-92.6090043,45173,53924,27307
4363,100,44.2910259,-69.5699752,44747,58015,2206
28606,100,36.0567173,-81.3179364,35552,48489,2066
75041,156,32.8778842,-96.649522,43637,52568,30700
83647,100,43.1327549,-115.6912313,49981,56078,20789
28778,100,35.6108066,-82.4102628,46062,52127,9239
40272,100,38.0950217,-85.8281458,44898,51386,37394
24503,100,37.4564163,-79.2563916,63102,92510,19331
15052,100,40.6734684,-80.4437781,50070,59531,3735
24361,100,36.7733344,-81.8770671,44330,53530,5431
51237,88,43.3456274,-96.0044121,47726,52397,1703
62074,100,38.9663742,-89.6816208,53947,63642,1087
36804,100,32.564021,-85.3342973,41755,53125,16861
7931,90,40.7036716,-74.6458987,144169,233241,3323
71846,100,33.8620874,-94.1104449,33961,52034,2652
87023,100,34.5961904,-106.7647475,28295,44037,649
75751,156,32.2047886,-95.8526901,34706,47879,17253
79357,100,33.5816521,-101.3885001,30448,40995,2303
60421,80,41.4044367,-88.1071651,73739,76485,3968
30204,95,33.0531651,-84.1224036,35125,45076,13493
46825,100,41.1474763,-85.116815,50524,58930,27931
99402,88,46.1880909,-117.2851677,57091,77979,1875
54940,88,44.2231301,-88.8455037,62783,71325,4020
71118,100,32.4011382,-93.7943157,44150,53069,24761
73568,100,34.2533339,-98.2431747,38959,47707,1341
78073,108,29.2436418,-98.6270628,38623,45954,8171
53226,88,43.0513426,-88.0411993,67408,82081,18370
19465,100,40.2074012,-75.6906241,76697,87887,13988
75481,142,33.3430038,-95.4149003,44194,57326,395
48204,83,42.370326,-83.1380955,24153,33634,41920
41146,100,38.2750384,-82.8909785,32283,43389,412
8080,90,39.7622516,-75.1195107,84764,99252,36440
52057,88,42.5021738,-91.4821482,46013,51166,8222
78224,108,29.3184824,-98.539144,37822,46828,17601
84737,67,37.088313,-113.2394452,53268,63324,14838
16311,100,41.4560087,-80.0199562,45353,51505,512
71373,100,31.3211432,-91.6178011,37419,44120,7358
76549,156,31.0036795,-97.8068851,50059,55029,44314
41763,100,37.0495523,-83.1166438,19560,34624,574
1523,85,42.4850811,-71.6792008,80938,104486,7102
25979,100,37.5555024,-80.9318332,36717,41168,893
31210,95,32.8999858,-83.7411631,62369,84972,30968
63662,63,37.5001437,-90.0093266,45258,54948,1185
49051,83,42.197355,-85.2515482,61028,73141,2081
88256,100,32.1749767,-103.8680047,47276,52472,1858
52769,88,41.6081121,-90.8389252,59793,65890,671
29114,100,33.9511006,-79.9304633,31397,41244,2190
71260,100,32.9233683,-92.2630393,2921,3829,218
16335,100,41.6151426,-80.1428584,39229,50967,28742
76426,156,33.1683909,-97.8503951,53149,61333,11302
68118,110,41.2612334,-96.1686077,112369,139289,8595
4043,100,43.417317,-70.587021,73978,90301,10482
71449,100,31.5572032,-93.5205641,33762,51158,9696
55432,75,45.0935798,-93.2641955,53216,62443,30614
61722,100,40.443816,-88.6530753,59115,67932,549
40385,100,37.758499,-84.1329595,43280,51428,3131
72433,100,36.030397,-91.0490374,31934,36651,3067
90014,67,34.0434783,-118.2519314,13832,30121,7005
8021,90,39.8073767,-75.0026972,55858,63779,45515
68067,100,42.1525061,-96.471658,39062,51461,1397